feature_id	C1_PRETERM_VS_TERM | bladder	C1_PRETERM_VS_TERM | placenta	C1_PRETERM_VS_TERM | uterus	C2_UPEC_VS_PBS_PREGNANCY | bladder	C2_UPEC_VS_PBS_PREGNANCY | placenta	C2_UPEC_VS_PBS_PREGNANCY | uterus	C3_INFECTED_PREGNANT_VS_NONPREGNANT | bladder	C4_UTI89_RFP_VS_UTI89_TERM | bladder	C4_UTI89_RFP_VS_UTI89_TERM | placenta	C4_UTI89_RFP_VS_UTI89_TERM | uterus
STEROID_INFLAMMATORY_IMBALANCE_INDEX	-0.520614126736694	0.12086590869890212	0.04414770381609545	0.43710776211445207	-0.46124222761466327	0.6722659836374464	-0.19589266243161524	-1.1886826238741155	-0.14763563359246348	0.9221659094839169
INFLAMMATORY_CARBON_USE_INDEX	-1.1529232070436364	-0.31089313789009543	-1.1738109909206955	-0.26112748707472	0.7234038928883474	-2.4582779339098346	-0.5116480099806522	-0.829619949343755	0.6688613093239375	-0.13514534233498787
COMPLEMENT_INFLAMMATORY_AMPLIFICATION_INDEX	-0.15671611306042224	0.5241327765593439	0.19290867077252902	-0.019118871504242962	-0.9397787804353476	-0.42485839160860817	0.4357430554443105	-3.0022929589598846	-0.38604464921382203	-0.44337182104100403
PREGNANCY_RISK_ENDOCRINE_METABOLIC_INFLAMMATION_INDEX	-0.08786606665225151	0.20976255504995298	0.501538777816187	-0.18352668830983176	0.16286377364066243	0.3893964903079797	0.6348013777280331	1.0722845680387554	1.3543956731717852	1.5534004604449927
